"year","total_Age","Age_0","Age_1","Age_2","Age_3","Age_4","Age_5","Age_6","Age_7","Age_8","Age_9","Age_10","Age_11","Age_12","Age_13","Age_14","Age_15","Age_16","Age_17","Age_18","Age_19","Age_20","Age_21","Age_22","Age_23","Age_24","Age_25","Age_26","Age_27","Age_28","Age_29","Age_30","Age_31","Age_32","Age_33","Age_34","Age_35","Age_36","Age_37","Age_38","Age_39","Age_40","Age_41","Age_42","Age_43","Age_44","Age_45","Age_46","Age_47","Age_48","Age_49","Age_50","Age_51","Age_52","Age_53","Age_54","Age_55","Age_56","Age_57","Age_58","Age_59","Age_60","Age_61","Age_62","Age_63","Age_64","Age_65","Age_66","Age_67","Age_68","Age_69","Age_70","Age_71","Age_72","Age_73","Age_74","Age_75","Age_76","Age_77","Age_78","Age_79","Age_80","Age_81","Age_82","Age_83","Age_84","Age_85","Age_86","Age_87","Age_88","Age_89","Age_90","Age_91","Age_92","Age_93","Age_94","Age_95","Age_96","Age_97","Age_98","Age_99","Age_100","Age_101","Age_102","Age_103","Age_104","Age_105","Age_106","Age_107","Age_108","Age_109"
2014,156999602,2031919,2024845,2030157,2047456,2042466,2042212,2109358,2121977,2105421,2097828,2100616,2084117,2075355,2128156,2164172,2129032,2131656,2139062,2164804,2219859,2270151,2311112,2369229,2402267,2395949,2302130,2246393,2206844,2213366,2223768,2145293,2173827,2168970,2142241,2193355,2048743,2006140,1980169,1923153,1985687,1915813,1938964,2029906,2146087,2182193,2065134,2020074,2015928,2054996,2176702,2208618,2202580,2196310,2218427,2241372,2157478,2140525,2110244,2028068,2007286,1914614,1837717,1764760,1702953,1661323,1609052,1592863,1656881,1210817,1186618,1150601,1172169,1011794,913174,857416,803367,758271,689623,648866,610338,539736,510821,477047,442682,411649,359765,323380,283531,240485,205698,170356,137942,109886,85752,62077,42528,31075,20391,13557,8934,3282,2520,1935,1486,1141,876,673,517,397,305
2015,158345038,2046747,2040151,2033000,2037228,2053442,2047879,2047387,2114512,2127272,2110838,2103268,2105952,2089259,2080625,2134063,2171483,2138962,2144964,2155868,2184297,2240831,2291975,2332842,2390148,2422317,2414563,2319848,2262783,2222366,2227623,2236783,2157209,2183917,2178099,2150363,2200292,2055390,2011884,1985353,1927882,1989318,1918663,1940470,2030503,2145667,2180807,2063390,2017276,2012270,2049902,2169796,2200330,2193093,2185808,2206438,2227815,2143289,2125085,2093652,2010808,1988880,1895977,1818545,1745109,1682504,1639587,1586268,1568257,1628888,1188986,1163190,1125830,1144422,985614,887197,830531,775650,729341,660522,618481,578660,508706,478238,443280,407810,375562,324770,288567,249808,209001,176078,143459,114115,89158,68164,48296,32336,23072,14756,9568,3451,2650,2035,1563,1200,922,708,543,417,320
2016,159690758,2061349,2055081,2048389,2040053,2043259,2058782,2053077,2052599,2119863,2132699,2116302,2108667,2111279,2094640,2086621,2141608,2181493,2152469,2162006,2175616,2205652,2262888,2314048,2354174,2410388,2441391,2432272,2336607,2278377,2237049,2240940,2248606,2167763,2192847,2186454,2157899,2206606,2061348,2017105,1990021,1931863,1991987,1920551,1941267,2030547,2144639,2178724,2060763,2013499,2007650,2043895,2161955,2191142,2182713,2174311,2193576,2213318,2128169,2108656,2076129,1992698,1969702,1876517,1798523,1724549,1660917,1616565,1562099,1542156,1599253,1165813,1138366,1099539,1114955,957786,859642,802064,746311,698790,629866,586616,545593,476501,444586,408615,372322,339267,290055,254506,217296,179105,148433,118820,92746,70983,53102,36785,24049,16727,10431,3616,2776,2132,1637,1257,966,741,569,437,336
2017,161034735,2075603,2069787,2063401,2055517,2046061,2048634,2063893,2058301,2058013,2125335,2138168,2121714,2114033,2116804,2100731,2094257,2151856,2195116,2169738,2182024,2197203,2228094,2285162,2335679,2374823,2429594,2459466,2448952,2352429,2293084,2250695,2253014,2259046,2177035,2201001,2194108,2164709,2212231,2066702,2021733,1993935,1934846,1993654,1921698,1941506,2030002,2142871,2175760,2057126,2008794,2002094,2036951,2153196,2181060,2171381,2161925,2179763,2197870,2112079,2091291,2057714,1973813,1949700,1856156,1777569,1702823,1638014,1592120,1536427,1514493,1567870,1141243,1112024,1071578,1083644,928251,830444,771933,715318,666582,597682,553332,511259,443217,410021,373305,336572,303213,256034,221606,186381,151157,123075,96692,73963,55397,40496,27398,17470,11848,3837,2946,2263,1737,1334,1025,787,604,464,356
2018,162375054,2088981,2084142,2078198,2070598,2061576,2051402,2053784,2069048,2063728,2063546,2130844,2143581,2127064,2119589,2123040,2108461,2104612,2165740,2212523,2189993,2203897,2219856,2250720,2306978,2356560,2394416,2447767,2476442,2464687,2367300,2306762,2262965,2263665,2268209,2185468,2208488,2200975,2170766,2217292,2071432,2025577,1996845,1936829,1994540,1922264,1941197,2028735,2140168,2171768,2052525,2003223,1995611,2029137,2143555,2170038,2159190,2148605,2165010,2181426,2095040,2073047,2038484,1954090,1928748,1834792,1755402,1679716,1613653,1566165,1509182,1485176,1534635,1115145,1083974,1041823,1050428,896958,799515,740077,682619,632766,564027,518740,475752,409000,374794,337712,301040,267857,223160,190296,157454,125491,100259,77214,57819,42326,30204,19940,12397,4198,3224,2476,1901,1460,1121,861,661,508,390
2019,163709736,2101377,2097626,2092638,2085470,2076718,2066960,2056510,2058962,2074400,2069263,2069112,2136289,2148948,2132584,2125843,2130903,2118949,2118641,2183437,2232939,2212099,2226832,2242712,2272868,2328041,2376333,2412953,2464814,2492384,2479464,2381073,2319038,2273734,2272987,2276489,2193163,2215215,2207068,2176158,2221733,2075345,2028409,1998761,1938005,1994835,1922231,1940219,2026548,2136449,2166808,2047021,1996752,1988270,2020462,2132988,2158147,2146072,2134342,2149275,2164018,2077127,2054016,2018413,1933440,1906769,1812178,1731825,1655094,1587754,1538623,1480270,1454099,1499393,1087360,1054130,1010233,1015244,863789,766801,706466,648240,597383,529026,482957,439234,374108,339267,302289,266168,233665,191819,160945,130853,102366,80153,60441,44255,31624,22004,14171,4513,3466,2661,2044,1569,1205,926,711,546,419
2020,165036419,2112227,2110124,2106208,2099971,2091645,2082151,2072106,2061655,2064352,2079870,2074865,2074610,2141681,2154506,2138823,2133750,2141545,2133148,2136548,2204170,2255238,2235286,2249956,2265079,2294255,2347975,2395006,2430306,2480809,2507296,2493127,2393397,2329773,2283168,2281420,2284025,2200068,2221154,2212514,2180874,2225360,2078234,2030233,1999892,1938571,1994547,1921478,1938366,2023363,2131770,2160937,2040602,1989457,1980083,2010893,2121564,2145331,2132021,2119110,2132596,2145722,2058424,2034136,1997379,1911761,1883480,1788094,1706708,1628871,1560232,1509382,1449616,1421092,1461926,1057750,1022425,976733,977962,828704,732256,671105,612234,560560,492781,446125,401983,338889,303894,267502,232394,201048,162418,133916,106861,81954,62820,46324,33131,23091,15648,4998,3838,2947,2263,1738,1335,1025,787,604,464
2021,166352156,2120981,2121053,2118758,2113581,2106181,2097110,2087312,2077259,2066977,2069828,2085457,2080466,2080135,2147363,2160918,2146891,2144619,2156112,2151465,2157798,2227062,2278919,2258943,2272855,2286911,2314736,2366995,2412652,2446709,2495890,2521139,2505398,2404202,2339166,2291690,2289051,2290742,2206130,2226391,2217221,2184690,2227858,2080039,2031215,2000344,1938465,1993485,1919752,1935456,2019119,2126073,2154006,2033211,1981205,1970869,2000356,2109066,2131395,2116817,2102774,2114833,2126437,2038679,2013144,1975140,1888662,1858571,1762321,1679862,1600964,1531014,1478380,1417053,1385985,1422125,1026285,988807,941209,938522,791652,695893,634061,574739,522398,455463,408515,364379,303794,269126,233771,200143,170402,135304,109499,85651,64325,48207,34724,24232,16459,5539,4254,3266,2508,1926,1479,1136,872,670,514
2022,167656161,2127784,2129930,2129786,2126213,2119853,2111698,2102331,2092516,2082636,2072430,2075482,2091040,2086030,2085892,2153821,2169073,2157856,2159319,2174641,2172912,2180979,2251093,2302829,2282093,2294952,2307601,2334047,2384808,2429214,2462043,2509804,2533474,2516125,2413616,2347652,2299443,2295907,2296709,2211592,2231005,2221108,2187495,2229386,2081052,2031615,2000211,1937697,1991573,1917099,1931669,2014028,2119494,2146218,2025005,1972129,1960859,1988961,2095639,2116521,2100740,2085587,2096289,2106294,2017986,1991099,1951586,1864074,1832046,1734887,1651385,1571338,1499994,1445445,1382403,1348638,1379886,992888,953150,903598,896864,752625,657764,595473,535868,483086,417347,370528,326882,269265,235384,201536,169805,142110,110773,87882,67301,49437,36179,25431,17308,6001,4608,3539,2717,2087,1602,1231,945,726,557
2023,168947197,2133240,2136846,2138757,2137324,2132556,2125435,2116979,2107587,2097939,2088120,2078123,2081121,2096636,2091846,2092449,2162055,2180126,2172683,2178019,2196314,2196306,2205284,2275317,2326243,2304433,2315864,2327139,2352132,2401565,2444715,2476216,2522285,2544295,2525508,2422154,2355394,2306402,2302033,2302111,2216462,2234896,2223977,2189322,2230170,2081491,2031489,1999400,1936113,1988742,1913575,1927090,2008106,2112082,2137585,2015952,1962279,1950013,1976705,2081323,2100785,2083850,2067650,2076900,2085177,1996222,1967735,1926488,1837870,1803800,1705768,1621126,1539851,1466980,1410407,1345522,1308989,1335117,957430,915378,863836,852967,711686,618037,555476,495824,442907,378798,332626,289941,235723,203095,171171,141757,116484,89022,69146,51785,37158,26530,18186,6416,4927,3783,2905,2231,1713,1316,1010,776,596
2024,170225356,2137850,2142431,2145764,2146367,2143734,2138189,2130760,2122282,2113052,2103470,2093857,2083804,2086760,2102482,2098459,2100784,2173211,2195082,2191574,2199938,2219977,2220860,2229816,2299052,2348851,2325614,2335636,2345495,2369185,2417315,2459122,2488990,2533302,2553853,2534113,2430063,2362444,2312689,2307637,2306954,2220598,2237814,2225910,2190423,2230405,2081421,2030747,1997796,1933654,1985069,1909285,1921714,2001412,2103881,2128096,2006145,1951629,1938356,1963607,2066152,2084217,2066226,2048907,2056571,2062973,1973138,1942851,1899749,1809948,1773816,1674827,1588971,1506359,1431814,1373097,1306341,1266922,1287639,919840,875431,821896,806886,668993,576816,514234,454848,402269,340301,295254,254029,203598,172662,143060,116319,93725,70136,53276,38970,27282,18996,6807,5227,4014,3082,2367,1818,1396,1072,823,632
2025,171488788,2141790,2147153,2151437,2153453,2152839,2149418,2143563,2136115,2127808,2118628,2109255,2099593,2089482,2092644,2109126,2106867,2112077,2188314,2214149,2213726,2223862,2244807,2245650,2253851,2321969,2370273,2345637,2354212,2362788,2385211,2431955,2472123,2500282,2543044,2562606,2542064,2437241,2368800,2318432,2312667,2311057,2223750,2239773,2227101,2190986,2230104,2080725,2029205,1995304,1930369,1980630,1904205,1915605,1993955,2094828,2117823,1995523,1940174,1925872,1949706,2050183,2066924,2047800,2029223,2035167,2039402,1948515,1916284,1871230,1780282,1741931,1641936,1554744,1470656,1394344,1333444,1264742,1222266,1237336,880056,833254,777826,758818,624675,534275,472011,413368,361620,302315,258901,219598,173267,144450,117531,93696,73940,54114,40143,28653,19562,7172,5508,4229,3248,2494,1915,1471,1129,867,666
2026,172736027,2145023,2151213,2156263,2159206,2159991,2158587,2154842,2148966,2141688,2133434,2124464,2115037,2105316,2095405,2099350,2117588,2118258,2127356,2207562,2236481,2237891,2248960,2269867,2269934,2277058,2343696,2390524,2364445,2371703,2379036,2400107,2445164,2483621,2510284,2551977,2570702,2549282,2443730,2374605,2323606,2316941,2314171,2225946,2241003,2227744,2191011,2229151,2079222,2026779,1991975,1926339,1975401,1898413,1908775,1985703,2085018,2106701,1984102,1927906,1912609,1935051,2033498,2048836,2028452,2008509,2012426,2014252,1922224,1887929,1840915,1748717,1708018,1606904,1518231,1432582,1354497,1291320,1220551,1174927,1184135,838003,788898,731828,708881,578922,490696,429250,371864,321495,265309,223987,187063,145122,118792,94782,74002,57126,40830,29553,20564,7486,5748,4414,3390,2603,1999,1535,1179,905,695
2027,173965071,2147389,2154554,2160410,2164106,2165806,2165791,2164064,2160294,2154580,2147362,2139308,2130285,2120810,2111291,2102155,2107879,2129059,2133670,2146817,2230107,2260846,2263236,2274295,2294417,2293383,2299062,2364246,2409552,2382143,2388145,2394163,2413562,2456856,2493815,2519446,2560244,2578066,2555799,2449650,2379824,2328020,2320228,2316312,2227399,2241677,2227864,2190398,2227371,2076819,2023516,1987902,1921544,1969428,1891908,1901174,1976725,2074377,2094742,1971860,1914874,1898619,1919743,2016045,2029831,2008049,1986458,1988113,1987382,1894128,1857757,1808625,1715113,1671889,1569510,1479289,1392061,1312132,1246569,1173674,1124813,1127894,793739,742577,684018,657278,532016,446516,386419,330837,282360,229729,190980,156829,119480,95915,74952,57234,43164,30103,21233,7840,6021,4623,3550,2726,2094,1608,1235,948,728
2028,175174341,2148981,2157035,2163840,2168322,2170768,2171658,2171316,2169562,2165953,2160298,2153280,2145169,2136105,2126832,2118098,2110741,2119449,2144584,2153298,2169613,2254712,2286405,2288826,2299125,2318122,2315612,2319877,2383553,2427465,2398799,2403449,2407820,2425471,2467225,2503164,2527951,2567788,2584731,2561745,2454994,2384292,2331430,2322531,2317707,2228315,2241836,2227338,2188968,2224655,2073591,2019487,1983038,1916025,1962733,1884640,1892868,1966957,2062910,2081921,1958838,1901118,1883988,1903700,1997686,2009776,1986311,1962847,1962098,1958650,1864218,1825610,1774233,1679269,1633308,1529598,1437829,1348974,1267093,1199055,1124012,1071783,1068690,747488,694400,634591,604360,484418,402232,344050,290802,244706,196050,160277,129256,96582,75933,58044,43291,31866,21661,8165,6270,4815,3697,2839,2180,1674,1286,987,758
2029,176362314,2150220,2158736,2166400,2171818,2175043,2176670,2177227,2176850,2175266,2171713,2166260,2159186,2151029,2142174,2133691,2126760,2122386,2135088,2164354,2176281,2194479,2280515,2312202,2313883,2323081,2340586,2336627,2339435,2401731,2444308,2414300,2417268,2419907,2436042,2476743,2511838,2535722,2574611,2590817,2567093,2459568,2387749,2333860,2324087,2318536,2228702,2241348,2225976,2186619,2221078,2069574,2014683,1977446,1909800,1955264,1876697,1883814,1956408,2050602,2068296,1945089,1886733,1868653,1886802,1978285,1988376,1963020,1937555,1934235,1928041,1832319,1791321,1737524,1640959,1592125,1487093,1393706,1303108,1219230,1148676,1071406,1015902,1006791,699332,644568,583856,550617,436667,358391,302664,252228,209013,164684,132224,104593,76552,58883,43965,31991,22952,8431,6474,4972,3818,2932,2251,1729,1328,1020,783
2030,177528413,2151367,2160085,2168189,2174450,2178598,2180999,2182290,2182813,2182593,2181066,2177715,2172209,2165079,2157143,2149094,2142414,2138499,2138146,2155017,2187498,2201354,2220553,2306547,2337479,2338064,2345779,2361827,2356369,2357841,2418798,2459971,2428299,2429508,2430661,2445768,2485577,2519765,2542767,2580846,2596292,2571650,2463128,2390219,2335537,2325098,2318842,2228451,2240026,2223693,2183425,2216699,2064788,2009149,1971146,1902827,1947094,1868016,1874013,1945066,2037516,2053917,1930682,1871642,1852484,1868935,1957569,1965423,1938048,1910438,1904526,1895376,1798279,1754681,1698252,1600013,1548231,1441842,1346728,1254352,1168441,1095289,1015930,957452,942320,649502,593380,532288,496666,389347,315513,262744,215633,175737,135992,107107,82994,59432,44654,32539,23070,8810,6765,5195,3989,3064,2353,1807,1387,1065,818
2031,178672200,2152547,2161333,2169621,2176313,2181300,2184606,2186667,2187916,2188595,2188430,2187111,2183702,2178149,2171232,2164113,2157889,2154248,2154388,2158225,2178352,2212752,2227640,2246867,2332053,2361860,2360983,2367247,2381779,2374957,2375142,2434683,2474128,2440704,2440391,2440550,2454792,2493666,2526967,2549222,2586472,2600987,2575183,2465681,2391913,2336649,2325570,2318509,2227375,2237782,2220570,2179448,2211516,2059265,2002899,1964080,1895180,1938180,1858598,1863453,1932974,2023682,2038850,1915560,1855706,1835360,1849815,1935323,1940778,1911251,1881489,1872771,1860500,1761869,1715487,1656288,1556367,1501497,1393637,1296753,1202572,1114574,1038960,957869,896545,875563,598266,541316,480474,443150,343024,274120,224825,181470,145263,110272,85077,64501,45127,33088,23496,9062,6959,5344,4104,3151,2420,1858,1427,1096,841
2032,179793774,2154126,2162620,2170957,2177810,2183219,2187364,2190314,2192338,2193741,2194474,2194512,2193145,2189680,2184337,2178249,2172971,2169809,2170259,2174626,2181734,2203822,2239230,2254169,2272654,2356658,2384955,2382643,2387406,2400558,2392422,2391239,2449053,2486678,2451740,2450395,2449749,2463074,2501009,2533564,2555056,2591308,2604658,2577712,2467461,2393058,2337233,2325392,2317334,2225388,2234702,2216662,2174679,2205571,2053013,1995887,1956331,1886800,1928507,1848431,1852183,1920186,2009184,2023035,1899585,1838819,1817004,1829244,1911417,1914316,1882620,1850520,1838818,1823195,1722886,1673558,1611516,1509844,1451689,1342322,1243656,1147583,1057681,979974,897352,833444,806903,546111,488960,429038,390717,298261,234765,189396,150142,117905,87682,66192,49023,33476,23926,9286,7131,5476,4205,3229,2480,1904,1462,1123,862
2033,180893589,2156301,2164295,2172317,2179204,2184767,2189327,2193111,2196021,2198203,2199663,2200591,2200579,2199172,2195921,2191396,2187167,2184984,2185943,2190643,2198316,2207394,2230515,2265952,2280156,2297527,2379973,2406804,2403001,2406397,2418217,2408686,2405806,2461811,2497838,2461894,2459692,2458175,2470615,2507755,2539553,2560101,2595102,2607298,2579456,2468680,2393657,2337177,2324388,2315224,2222557,2230845,2211957,2169176,2198881,2045998,1988189,1947835,1877687,1918069,1837577,1840251,1906779,1993944,2006311,1882626,1820702,1797212,1807091,1885706,1886029,1851983,1817389,1802464,1783227,1681165,1628788,1563780,1460220,1398628,1287765,1187213,1089468,998056,918432,834597,768507,736982,493616,436928,378580,339995,255653,197942,156871,121994,93856,68287,50365,36408,24238,9497,7293,5601,4301,3303,2536,1948,1496,1149,882
2034,181972111,2159208,2166571,2174069,2180626,2186210,2190921,2195111,2198851,2201922,2204161,2205819,2206695,2206639,2205461,2203038,2200381,2199251,2201221,2206470,2214512,2224166,2234278,2257449,2292128,2305225,2321086,2402010,2427317,2422155,2424227,2434642,2423386,2418741,2473150,2508096,2471327,2468225,2465859,2477551,2513880,2544737,2564107,2597882,2609150,2580620,2469339,2393606,2336281,2322443,2312254,2218967,2226203,2206513,2162931,2191378,2038276,1979735,1938587,1867836,1906927,1826060,1827732,1892686,1977822,1988562,1864418,1801142,1775849,1783225,1858190,1855709,1819176,1781868,1763464,1740410,1636586,1581001,1512831,1407330,1342196,1229732,1127496,1028511,935837,854591,769982,702324,666551,441392,385844,329715,291670,215745,164094,127593,97206,73171,52015,37452,26387,9681,7434,5709,4384,3367,2585,1985,1525,1171,899
2035,183030417,2162843,2169573,2176421,2182443,2187683,2192408,2196748,2200884,2204790,2207917,2210353,2211962,2212792,2212968,2212619,2212084,2212560,2215604,2221892,2230500,2240538,2251247,2261409,2283829,2317382,2328975,2343351,2422704,2446615,2440154,2440812,2449503,2436440,2430263,2483598,2517639,2479988,2476009,2472946,2483864,2519195,2548877,2567090,2599857,2610408,2581205,2469335,2392711,2334468,2319663,2308514,2214588,2220815,2200318,2155892,2183134,2029800,1970533,1928585,1857294,1895112,1813962,1814552,1877747,1960672,1969483,1844738,1780019,1752812,1757648,1828688,1823217,1783979,1743738,1721628,1694640,1588976,1529969,1458483,1351017,1282129,1168290,1064843,964849,871234,788828,704087,635598,596419,390069,336318,283107,246354,179022,133595,101783,75865,55798,38717,27174,10162,7804,5993,4602,3534,2714,2084,1600,1229,944
2036,184071974,2167035,2173297,2179494,2184856,2189554,2193921,2198272,2202571,2206878,2210837,2214161,2216538,2218094,2219151,2220170,2221710,2224337,2229019,2236414,2246076,2256698,2267808,2278578,2287988,2309287,2341306,2351421,2364277,2442177,2464757,2456903,2455828,2462710,2448068,2440867,2493318,2526409,2487898,2483194,2479397,2489382,2523485,2552016,2569299,2601265,2611114,2581137,2468495,2390906,2331824,2316123,2304006,2209519,2214710,2193360,2148152,2174115,2020582,1960586,1917900,1846125,1882722,1801232,1800586,1861862,1942244,1948894,1823485,1757238,1728116,1730213,1797069,1788358,1746206,1702850,1676932,1645799,1538155,1475547,1400651,1291081,1218533,1103850,999431,898781,804710,721796,637681,569212,527523,340336,289082,239413,204674,145939,106715,79565,57941,41600,28138,10606,8144,6254,4803,3688,2832,2175,1670,1283,985
2037,185097686,2171633,2177571,2183288,2187983,2192007,2195839,2199841,2204136,2208596,2212960,2217109,2220379,2222701,2224496,2226414,2229328,2234037,2240893,2249951,2260760,2272461,2284156,2295330,2305358,2313637,2333391,2363899,2372503,2383965,2460478,2481637,2472067,2469180,2474484,2458794,2450749,2502248,2534411,2495208,2489750,2485050,2493864,2526752,2554374,2570938,2602122,2611150,2580212,2466730,2388261,2328416,2311818,2298769,2203732,2207835,2185692,2139654,2164322,2010599,1949951,1906568,1834394,1869678,1787723,1785715,1844761,1922321,1926651,1800537,1732798,1701599,1700787,1763118,1750916,1705685,1659136,1629189,1593634,1483921,1417597,1339037,1227578,1151815,1036547,931493,830679,736844,654196,571529,503925,460700,292849,244748,199160,167064,116739,83542,60869,43262,30284,11053,8488,6518,5005,3844,2952,2267,1741,1337,1026
2038,186108789,2176597,2182251,2187640,2191836,2195197,2198342,2201795,2205746,2210195,2214705,2219266,2223353,2226581,2229145,2231791,2235625,2241728,2250695,2261948,2274442,2287305,2300099,2311862,2322291,2331188,2337914,2356163,2385124,2392330,2402468,2477521,2496931,2485557,2481093,2485342,2468799,2459840,2510420,2541798,2501878,2495504,2489662,2497322,2529246,2556153,2572032,2602316,2610335,2578363,2464122,2384859,2324251,2306783,2292823,2197188,2200272,2177260,2130389,2153721,1999925,1938666,1894658,1822033,1855836,1773321,1769673,1826226,1900763,1902625,1775898,1706538,1673100,1669145,1726622,1710723,1662312,1612390,1578153,1537936,1426132,1355786,1273697,1160909,1082087,966595,861448,761162,668342,586813,506424,440533,396822,248223,203863,162796,133814,91516,64003,45531,31550,11695,8981,6896,5296,4067,3123,2398,1842,1414,1086
2039,187106663,2181980,2187304,2192394,2196252,2199093,2201574,2204335,2207729,2211829,2216335,2221049,2225540,2229590,2233057,2236478,2241050,2248108,2258488,2271874,2286590,2301154,2315107,2327980,2339003,2348291,2355646,2360852,2377546,2405093,2410971,2419700,2492944,2510522,2497588,2492079,2495466,2477999,2468172,2517979,2548551,2507738,2500206,2493248,2500002,2531183,2557398,2572479,2601659,2608584,2575650,2460740,2380675,2319370,2301038,2286100,2189952,2191926,2168060,2120344,2142370,1988589,1926805,1882096,1808899,1841063,1757745,1752250,1806136,1877455,1876818,1749388,1678295,1642433,1635070,1687404,1667671,1615920,1562386,1523607,1478543,1364452,1290188,1205072,1091186,1009598,894437,789876,690933,599992,520422,443151,379871,336719,206993,166852,130586,105045,70214,47937,33262,12318,9459,7264,5578,4283,3289,2526,1940,1490,1144
2040,188093001,2187724,2192766,2197508,2201052,2203552,2205506,2207602,2210299,2213847,2217999,2222703,2227366,2231815,2236093,2240435,2245789,2253585,2264951,2279788,2296654,2313456,2329131,2343167,2355310,2365188,2372919,2378736,2382382,2397659,2423866,2428324,2435302,2506665,2522643,2508685,2502315,2504775,2486423,2475879,2524896,2554488,2512550,2503893,2496056,2502126,2532582,2557994,2572072,2600080,2605987,2572160,2456581,2375786,2313783,2294523,2278658,2181951,2182815,2158081,2109587,2130336,1976662,1914278,1868732,1794866,1825074,1740806,1733336,1784375,1852399,1849057,1720853,1647877,1609378,1598414,1645387,1621612,1566259,1508897,1465397,1415108,1298938,1221237,1133257,1018654,934767,820655,717521,620766,532577,455833,382528,322716,281131,169639,134036,102663,80707,52672,35067,13001,9984,7667,5888,4521,3472,2666,2047,1572,1207
2041,189069720,2193819,2198588,2203033,2206226,2208407,2209998,2211565,2213601,2216449,2220052,2224394,2229041,2233663,2238346,2243498,2249796,2258402,2270526,2286364,2304705,2323672,2341589,2357361,2370660,2381656,2389970,2396162,2400413,2402627,2416565,2441331,2444026,2449179,2518913,2533826,2519015,2511731,2513306,2494232,2482951,2530999,2559365,2516344,2506804,2498325,2503724,2533344,2557757,2570747,2597653,2602598,2567860,2451702,2370186,2307427,2287303,2270433,2173193,2172943,2147382,2098146,2117672,1964066,1900950,1854445,1779663,1807686,1722393,1712818,1760951,1825409,1819172,1690092,1615064,1573774,1559095,1600402,1572282,1513136,1451786,1403143,1347698,1230044,1149056,1058517,943736,858210,746023,645191,551519,466937,393887,325356,269790,230684,136451,105535,79011,60635,38594,13733,10546,8098,6219,4776,3667,2816,2163,1661,1275
2042,190038792,2200329,2204748,2208910,2211805,2213619,2214890,2216090,2217593,2219788,2222681,2226481,2230766,2235368,2240233,2245790,2252900,2262465,2275418,2292056,2311418,2331861,2351962,2369988,2385012,2397163,2406592,2413352,2417983,2420800,2421654,2434147,2457131,2458006,2461575,2530211,2544233,2528535,2520372,2521214,2501395,2489212,2536049,2563229,2519370,2509167,2500065,2504695,2533288,2556615,2568579,2594454,2598428,2562829,2446095,2363807,2300371,2279295,2261438,2163681,2162357,2136003,2086093,2104302,1950648,1886688,1838962,1763090,1788771,1702392,1690709,1735697,1796335,1786943,1656895,1579709,1535552,1516973,1552175,1519462,1456361,1390652,1336926,1276770,1157894,1073870,981273,867037,780721,671353,573724,484005,403911,335396,272331,221693,185801,107596,81357,59463,44494,14796,11362,8725,6700,5145,3951,3034,2330,1789,1374
2043,191001980,2207198,2211331,2215134,2217726,2219242,2220138,2221015,2222148,2223812,2226054,2229136,2232875,2237122,2241968,2247719,2255250,2265637,2279560,2297048,2317233,2338712,2360305,2380512,2397805,2411682,2422250,2430128,2435300,2438489,2439948,2439352,2450068,2471207,2470504,2473008,2540729,2553828,2537273,2528377,2528481,2507736,2494412,2540079,2566310,2521839,2511016,2501171,2504856,2532331,2554653,2565668,2590474,2593511,2557057,2439702,2356712,2292537,2270520,2251664,2153458,2151078,2124012,2073354,2090069,1936271,1871204,1822079,1745026,1768218,1680812,1666843,1708456,1764940,1752142,1621094,1541736,1494574,1471760,1500504,1462977,1395539,1325563,1267199,1202431,1082697,996128,902134,789344,703129,597502,503982,419098,344324,281082,224079,178829,146701,83076,61333,43711,16478,12654,9717,7462,5730,4400,3379,2595,1993,1530
2044,191961335,2214423,2218267,2221775,2224000,2225212,2225798,2226293,2227102,2228391,2230104,2232535,2235552,2239257,2243749,2249480,2257212,2268038,2282816,2301301,2322353,2344683,2367312,2389001,2408465,2424621,2436916,2445928,2452211,2455936,2457755,2457769,2455380,2464249,2483774,2482026,2483650,2550409,2562628,2545377,2535737,2534921,2513020,2498591,2543321,2568851,2523796,2512233,2501476,2504125,2530568,2551938,2561997,2585776,2587861,2550483,2432583,2348831,2283930,2260970,2241161,2142562,2139205,2111319,2059758,2074804,1920643,1854302,1803665,1725366,1746046,1657479,1641072,1679020,1731019,1714625,1582621,1500991,1450552,1423284,1445210,1402414,1330725,1256973,1194065,1124935,1004893,916409,821900,711472,626316,525355,436856,357665,288922,231577,181016,141439,113425,62721,45168,17400,13362,10261,7880,6051,4647,3568,2740,2104,1616
2045,192918554,2221943,2225563,2228766,2230681,2231522,2231804,2231976,2232413,2233369,2234707,2236610,2238979,2241960,2245908,2251281,2259018,2270057,2285296,2304663,2326723,2349927,2373421,2396159,2417124,2435434,2450000,2460715,2468138,2472966,2475309,2475686,2473904,2469641,2476906,2495364,2492754,2493466,2559315,2570792,2552822,2542269,2540301,2517269,2501996,2546011,2570865,2525138,2512646,2500895,2502586,2528061,2548472,2557598,2580334,2581397,2543148,2424656,2340167,2274548,2250710,2229961,2131062,2126624,2097753,2045163,2058229,1903579,1835857,1783615,1704124,1722062,1632267,1613193,1647163,1694406,1674290,1541299,1457202,1403288,1371346,1385861,1337807,1262396,1184992,1117763,1044688,925056,835515,741393,634295,551199,455833,373230,300463,238346,187335,143378,109530,85750,46264,18200,13976,10732,8242,6329,4860,3732,2866,2201,1690
2046,193875634,2229646,2233131,2236107,2237724,2238245,2238156,2238023,2238117,2238702,2239706,2241236,2243073,2245403,2248644,2253482,2260862,2271917,2287390,2307232,2330194,2354414,2378806,2402420,2424416,2444224,2460949,2473932,2483045,2489011,2492456,2493336,2491918,2488263,2482379,2488591,2506155,2502644,2502497,2567569,2578302,2559434,2547748,2544651,2520762,2504862,2548205,2572257,2525663,2512169,2499509,2500328,2524812,2544287,2552482,2574081,2574173,2534984,2415921,2330708,2264452,2239767,2218146,2118881,2113170,2083164,2029260,2040119,1884933,1815759,1761933,1681119,1696125,1604948,1582980,1612739,1655014,1630960,1496860,1410157,1352608,1315540,1322520,1269663,1190654,1109861,1038683,962294,843980,754278,661549,558756,478748,389871,313917,248175,193070,148612,111216,82959,63326,18871,14492,11128,8546,6562,5039,3870,2972,2282,1752
2047,194833659,2237438,2240900,2243725,2245108,2245327,2244905,2244404,2244190,2244432,2245065,2246252,2247723,2249524,2252102,2256245,2263100,2273809,2289313,2309406,2332847,2358000,2383418,2407932,2430809,2451656,2469866,2485004,2496382,2504034,2508610,2510595,2509667,2506353,2501084,2494127,2499459,2516111,2511725,2510877,2575158,2584976,2564976,2552190,2548234,2523713,2507228,2549773,2572827,2525305,2510898,2497419,2497344,2520873,2539403,2546576,2567096,2566133,2525998,2406386,2320547,2253677,2228200,2205620,2105836,2098704,2067253,2011839,2020324,1864590,1794009,1738442,1656203,1668017,1575312,1550295,1575667,1612662,1584340,1449073,1359678,1298108,1255924,1255669,1198084,1115722,1031941,957426,878568,762496,673631,583304,485804,409914,328299,259617,201285,153375,115453,84374,61390,22230,17071,13109,10067,7731,5936,4559,3501,2688,2064
2048,195794039,2245217,2248749,2251548,2252768,2252733,2252016,2251181,2250600,2250529,2250817,2251632,2252756,2254195,2256249,2259723,2265890,2276098,2291277,2311408,2335123,2360762,2387120,2412675,2436459,2458184,2477421,2494036,2507563,2517471,2523730,2526834,2527010,2524188,2519247,2512900,2505073,2509486,2525257,2520169,2518592,2581917,2590576,2569494,2555854,2551274,2526159,2508975,2550539,2572529,2524160,2508920,2494614,2493680,2516228,2533736,2539934,2559291,2557255,2516174,2396109,2309680,2242280,2215928,2192213,2091780,2082912,2049824,1992772,1998733,1842552,1770422,1712981,1629162,1637519,1543213,1515069,1535775,1567058,1534197,1397765,1305341,1239810,1192955,1185410,1123261,1037964,951811,874773,794342,681527,594508,507651,416415,345584,271846,210855,160122,119325,87734,62541,24072,18485,14195,10901,8371,6428,4936,3791,2911,2235
2049,196758060,2252856,2256579,2259440,2260630,2260427,2259448,2258317,2257392,2256958,2256929,2257404,2258156,2259240,2260942,2263898,2269400,2278922,2293614,2313448,2337220,2363144,2389990,2416494,2441322,2463948,2484075,2501712,2516689,2528742,2537264,2542047,2543336,2541609,2537155,2531135,2523912,2515155,2518696,2533753,2527948,2525464,2587603,2595147,2573241,2558982,2553812,2527994,2509922,2550429,2571446,2522309,2506237,2491138,2489342,2510839,2527358,2532498,2550669,2547551,2505582,2385130,2298197,2230166,2202762,2177735,2076397,2065579,2030715,1971935,1975319,1818635,1744830,1685328,1599800,1604483,1508595,1477137,1492784,1517975,1480334,1342473,1247198,1178200,1126742,1111938,1045591,957947,870246,791541,710568,602016,517919,435606,351469,286518,221089,167966,124755,90818,65141,25383,19492,14969,11495,8827,6778,5205,3997,3070,2357
2050,197726883,2260314,2264273,2267319,2268549,2268320,2267173,2265776,2264560,2263774,2263379,2263532,2263958,2264683,2266011,2268612,2273608,2282485,2296498,2315858,2339346,2365335,2392475,2419478,2445260,2468926,2489941,2508457,2524468,2537972,2548626,2555662,2558623,2558013,2554648,2549098,2542203,2534061,2524429,2527260,2541592,2534882,2531272,2592245,2598941,2576449,2561620,2555743,2529030,2510007,2549545,2569658,2519765,2502896,2486992,2484273,2504737,2520190,2524266,2541217,2537085,2494266,2373497,2285981,2217171,2188532,2161908,2059500,2046576,2009811,1949312,1949912,1792677,1717011,1655271,1567946,1568833,1471276,1436224,1446458,1465195,1422254,1283230,1185703,1113369,1057446,1035607,965589,876437,788042,708675,628226,524959,444890,368095,291760,233329,176374,131055,95090,67539,26612,20436,15693,12051,9254,7106,5457,4191,3218,2471
2051,198701843,2267549,2271775,2275047,2276472,2276274,2275096,2273527,2272045,2270959,2270214,2269995,2270100,2270502,2271475,2273707,2278347,2286726,2300117,2318812,2341839,2367559,2394772,2422073,2448349,2472979,2495036,2514434,2531317,2545835,2557948,2567120,2572314,2573367,2571116,2566665,2560236,2552408,2543384,2533054,2535158,2548587,2540758,2536056,2596124,2602200,2579159,2563656,2556874,2529205,2509315,2547958,2567160,2516558,2498876,2482108,2478506,2497867,2512246,2515229,2531024,2525887,2482304,2361129,2272859,2203131,2172946,2144521,2040940,2025779,1987098,1924725,1922330,1764449,1686770,1622671,1533556,1530403,1431005,1392108,1396628,1408238,1360003,1220553,1120966,1045489,985428,956962,884050,794234,706123,627143,548355,451418,376378,305941,237909,186406,137835,100056,70819,27771,21326,16377,12576,9657,7416,5695,4373,3358,2579
2052,199683551,2274494,2279057,2282580,2284239,2284232,2283075,2281469,2279813,2278471,2277431,2276860,2276586,2276661,2277313,2279191,2283468,2291502,2304408,2322490,2344881,2370141,2397090,2424471,2451060,2476180,2499195,2519637,2537384,2552766,2565897,2576520,2583859,2587147,2586537,2583188,2577852,2570491,2561780,2552044,2540997,2542219,2554512,2545597,2540057,2599464,2604955,2581266,2564888,2557152,2528608,2507946,2545688,2564018,2512696,2494144,2476538,2471976,2490238,2503509,2505453,2520113,2514032,2469576,2347849,2258677,2187733,2155798,2125424,2020596,2003175,1962394,1898000,1892347,1733735,1653944,1587455,1496446,1488903,1387550,1344608,1342790,1347130,1294099,1154523,1053152,974869,911174,876740,801745,712237,625441,547966,472037,382328,313217,249807,190333,145895,105398,74643,29061,22317,17137,13160,10106,7761,5960,4576,3514,2699
2053,200672422,2281096,2286049,2289906,2291800,2292020,2291057,2289466,2287779,2286268,2284961,2284098,2283471,2283162,2283487,2285050,2288990,2296664,2309232,2326851,2348633,2373273,2399768,2426889,2453570,2478991,2502493,2523888,2542683,2558929,2572901,2584542,2593321,2598750,2600386,2598678,2594431,2588161,2579915,2570500,2560046,2548113,2548205,2559404,2549652,2543528,2602311,2607118,2582585,2565264,2556653,2527336,2505908,2542765,2560202,2508114,2488731,2470232,2464702,2481828,2494045,2494977,2508549,2501403,2455878,2333480,2243126,2170772,2136933,2104482,1998465,1978567,1935503,1868907,1859721,1700385,1618461,1549452,1456345,1444113,1340711,1293250,1284995,1282396,1224633,1085290,982563,902008,835353,795695,719566,631425,547022,472203,400257,318557,256094,200130,149193,111735,78755,30543,23455,18011,13831,10621,8156,6263,4810,3694,2836
2054,201668373,2287344,2292688,2296931,2299157,2299608,2298874,2297477,2295793,2294248,2292773,2291644,2290719,2290059,2290002,2291238,2294867,2302209,2314432,2331734,2353069,2377105,2402982,2429659,2456082,2481600,2505392,2527274,2547018,2564318,2579148,2591624,2601425,2608278,2612055,2612574,2609969,2604789,2597646,2588693,2578554,2567202,2554142,2553168,2563529,2553188,2546522,2604565,2608490,2583045,2564869,2555487,2525404,2503235,2539204,2555658,2502850,2482563,2463179,2456669,2472708,2483889,2483873,2496242,2487810,2441042,2317687,2225976,2152090,2116237,2081673,1974329,1951766,1906224,1837205,1824286,1664316,1580130,1508364,1413005,1395822,1290005,1238043,1223734,1214122,1151757,1013175,909675,827549,758703,714715,638485,552768,471891,400853,333904,260792,205454,157106,114435,83628,32208,24734,18993,14585,11200,8601,6605,5072,3895,2991
2055,202670930,2293249,2298981,2303607,2306213,2306988,2306481,2305308,2303821,2302278,2300766,2299464,2298275,2297315,2296909,2297769,2301079,2308125,2320020,2336983,2357999,2381602,2406898,2432959,2458940,2484193,2508086,2530250,2550476,2568722,2584614,2597947,2608579,2616448,2621637,2624293,2623907,2620365,2614310,2606457,2596785,2585749,2573278,2559156,2557351,2567111,2556221,2548924,2606043,2609011,2582743,2563806,2553648,2522836,2499924,2534935,2550447,2496843,2475667,2455376,2447937,2462915,2473119,2472025,2482959,2473066,2424742,2300259,2207071,2131558,2093656,2056791,1948012,1922549,1874292,1802733,1785960,1625337,1538672,1463922,1366236,1343490,1235467,1179499,1159088,1142476,1075815,938643,835123,752190,682034,634723,559490,477323,401032,334807,273705,209501,161510,120695,85784,34126,26206,20124,15454,11867,9113,6998,5374,4127,3169
2056,203679892,2298822,2304919,2309920,2312912,2314068,2313876,2312933,2311666,2310325,2308812,2307477,2306112,2304880,2304185,2304698,2307625,2314357,2325973,2342626,2363312,2386601,2411471,2436951,2462321,2487135,2510761,2533021,2553525,2572253,2589090,2603482,2614964,2623661,2629863,2633932,2635686,2634362,2629942,2623180,2614591,2604038,2591876,2578342,2563385,2560997,2570211,2558682,2550556,2606661,2608771,2581782,2562091,2551192,2519645,2495928,2529994,2544487,2490111,2468032,2446895,2438549,2452509,2461615,2459223,2468539,2456833,2406726,2281023,2186285,2109145,2069025,2029658,1919289,1890678,1839548,1765398,1744523,1583137,1493794,1415921,1315496,1287139,1177567,1117674,1091199,1067737,997281,862351,759618,676735,606219,556703,483626,406083,335360,274791,220172,164925,124257,90617,35725,27434,21067,16178,12423,9540,7326,5626,4320,3318
2057,204694411,2304111,2310526,2315885,2319252,2320791,2320974,2320345,2319313,2318184,2316874,2315535,2314135,2312737,2311767,2312000,2314578,2320930,2332236,2348606,2369001,2391961,2416521,2441591,2466388,2490596,2513777,2535761,2556362,2575366,2592675,2608019,2620552,2630095,2637116,2642203,2645360,2646171,2643967,2638839,2631351,2621889,2610204,2596977,2582619,2567083,2564161,2572734,2560377,2551336,2606525,2607873,2580160,2559760,2548108,2515759,2491280,2524323,2537793,2482638,2459704,2437759,2428570,2441394,2449178,2445305,2452647,2438897,2386860,2259867,2163575,2084650,2042117,2000026,1887903,1855962,1801889,1725007,1699657,1537432,1445284,1363805,1260815,1227301,1116389,1052710,1020336,990386,916799,784989,683948,602049,532206,481708,411893,339964,275592,221340,173570,127065,93431,37581,28859,22161,17018,13069,10036,7707,5918,4545,3490
2058,205713857,2309162,2315848,2321518,2325247,2327149,2327715,2327458,2326737,2325841,2324744,2323605,2322202,2320766,2319631,2319588,2321886,2327893,2338831,2354915,2375030,2397706,2421942,2446711,2471100,2494727,2517302,2538845,2559167,2578264,2595848,2611661,2625145,2635741,2643595,2649498,2653670,2655880,2655805,2652906,2647057,2638673,2628086,2615344,2601307,2586380,2570295,2566745,2574482,2561223,2551391,2605732,2606303,2577928,2556806,2544333,2511231,2485913,2517922,2530363,2474490,2450729,2428029,2417895,2429366,2435639,2429927,2435051,2419088,2364983,2236734,2138760,2057898,2012710,1967658,1853712,1818345,1761119,1681204,1651054,1487999,1392576,1307595,1202703,1164044,1052049,984868,946956,911070,835150,707378,608964,529043,460953,410704,345228,279715,222273,174722,133923,95695,39251,30141,23146,17774,13649,10482,8049,6181,4747,3645
2059,206737349,2314051,2320927,2326871,2330900,2333175,2334102,2334208,2333863,2333268,2332402,2331479,2330276,2328845,2327669,2327459,2329491,2335232,2345822,2361542,2381377,2403774,2427738,2452187,2476277,2499506,2521498,2542433,2562308,2581120,2598797,2614880,2628832,2640373,2649281,2656017,2661007,2664246,2665578,2664785,2661160,2654429,2644916,2633261,2619715,2605107,2589649,2572937,2568563,2575394,2561341,2550781,2604285,2604143,2575073,2553160,2539910,2505989,2479845,2510797,2522243,2465695,2441181,2417614,2406317,2416230,2420652,2412865,2415585,2397238,2341060,2211423,2111618,2028626,1980546,1932377,1816611,1777593,1716884,1633708,1598457,1434243,1335686,1247834,1141231,1097478,984813,914563,871653,830518,753153,630396,535589,458685,393421,344622,284400,225885,175711,135002,101008,40705,31258,24004,18433,14155,10870,8347,6410,4922,3780
2060,207763811,2318838,2325838,2331966,2336268,2338842,2340141,2340617,2340625,2340405,2339840,2339149,2338156,2336922,2335754,2335500,2337370,2342844,2353174,2368550,2388034,2410164,2433858,2458039,2481806,2504740,2526331,2546688,2565955,2584309,2601702,2617879,2632097,2644106,2653957,2661747,2667567,2671616,2673974,2674592,2673082,2668559,2660707,2650137,2637656,2623553,2608414,2592340,2574818,2569551,2575582,2560816,2549543,2602244,2601349,2571533,2548879,2534783,2500059,2473074,2503000,2513471,2456324,2430929,2406305,2393681,2401700,2403995,2393962,2394103,2373325,2314858,2183716,2081910,1996595,1945467,1894095,1776397,1733364,1668889,1582261,1541221,1376166,1275159,1184573,1076512,1027881,915091,842356,795123,749559,671757,554974,464807,391909,330493,284245,229973,178810,135959,101970,42555,32679,25095,19271,14798,11364,8727,6701,5146,3952
