"V1","V2","V3","V4","V5","V6","V7","V8","V9"
0.000944047133543434,0.00322999706482769,0.00726762398413624,0.0436817724531585,0.0158432736835915,0.00113933672179088,0.0183205679832583,0.0149435314191338,0.89462984955656
0,0.00111449614037397,0,0.0342929752805081,0.0143367526143164,0,0.0208127378749227,0.0229731388879054,0.906469899201973
0,0,0.00535597251623454,0.027112136302594,0.0103458792128748,0.00182976943123813,0.0148334850512292,0.0184975712709006,0.922025186214929
0,0,0,0.0271901522945642,0.0118160167515766,0,0.0190120165193075,0.0250916207600741,0.916890193674477
0,0,0,0,1.49662031265712e-11,0,4.84330615548854e-06,0.00201944452249374,0.997975712156384
0,0,0,0,0,0.000102733663104695,0.000253501201178394,0.00480632273602303,0.994837442399694
0,0,0,0,0,0,2.17377507371511e-06,0.00150262908384559,0.998495197141081
0,0,0,0,0,0,0,0.000799043392920548,0.99920095660708
0,0,0,0,0,0,0,0,1
